country,year,dimension,indicator,score,source_type,data_status
gambia,2002,political,territorial_control,,,missing
gambia,2002,political,political_violence,,,missing
gambia,2002,political,institutional_functioning,,,missing
gambia,2002,political,civil_liberties,,,missing
gambia,2002,political,elite_cohesion,,,missing
gambia,2002,political,military_expenditure,,,missing
gambia,2002,political,political_stability,,,missing
gambia,2002,political,government_effectiveness,,,missing
gambia,2002,political,_dimension_score,,aggregated,derived
gambia,2002,economic,gdp_per_capita,,,missing
gambia,2002,economic,inflation,,,missing
gambia,2002,economic,unemployment,,,missing
gambia,2002,economic,trade_openness,,,missing
gambia,2002,economic,fiscal_health,,,missing
gambia,2002,economic,natural_resource_rents,,,missing
gambia,2002,economic,youth_unemployment,,,missing
gambia,2002,economic,gini,,,missing
gambia,2002,economic,neet_rate,,,missing
gambia,2002,economic,gini_adjusted_gdp_per_capita,,,missing
gambia,2002,economic,poverty_rate,,,missing
gambia,2002,economic,gini_adjusted_gdp_per_capita_ppp,,,missing
gambia,2002,economic,export_diversification,,,missing
gambia,2002,economic,non_resource_export_share,,,missing
gambia,2002,economic,_dimension_score,,aggregated,derived
gambia,2002,international,sanctions,,,missing
gambia,2002,international,diplomatic_integration,,,missing
gambia,2002,international,foreign_military,,,missing
gambia,2002,international,fdi,,,missing
gambia,2002,international,refugee_flows,,,missing
gambia,2002,international,_dimension_score,,aggregated,derived
gambia,2002,transparency,budget_transparency,,,missing
gambia,2002,transparency,press_freedom,,,missing
gambia,2002,transparency,statistical_transparency,,,missing
gambia,2002,transparency,legal_transparency,,,missing
gambia,2002,transparency,extractive_transparency,,,missing
gambia,2002,transparency,control_of_corruption,,,missing
gambia,2002,transparency,_dimension_score,,aggregated,derived
gambia,2002,population_mobility,net_migration,,,missing
gambia,2002,population_mobility,remittances,,,missing
gambia,2002,population_mobility,_dimension_score,,aggregated,derived
gambia,2002,social,life_expectancy,,,missing
gambia,2002,social,infant_mortality,,,missing
gambia,2002,social,internet_users,,,missing
gambia,2002,social,health_expenditure,,,missing
gambia,2002,social,education_expenditure,,,missing
gambia,2002,social,hdi,,,missing
gambia,2002,social,_dimension_score,,aggregated,derived
gambia,2002,_composite,_composite_score,,aggregated,derived
gambia,2003,political,territorial_control,,,missing
gambia,2003,political,political_violence,,,missing
gambia,2003,political,institutional_functioning,,,missing
gambia,2003,political,civil_liberties,,,missing
gambia,2003,political,elite_cohesion,,,missing
gambia,2003,political,military_expenditure,,,missing
gambia,2003,political,political_stability,,,missing
gambia,2003,political,government_effectiveness,,,missing
gambia,2003,political,_dimension_score,,aggregated,derived
gambia,2003,economic,gdp_per_capita,,,missing
gambia,2003,economic,inflation,,,missing
gambia,2003,economic,unemployment,,,missing
gambia,2003,economic,trade_openness,,,missing
gambia,2003,economic,fiscal_health,,,missing
gambia,2003,economic,natural_resource_rents,,,missing
gambia,2003,economic,youth_unemployment,,,missing
gambia,2003,economic,gini,,,missing
gambia,2003,economic,neet_rate,,,missing
gambia,2003,economic,gini_adjusted_gdp_per_capita,,,missing
gambia,2003,economic,poverty_rate,,,missing
gambia,2003,economic,gini_adjusted_gdp_per_capita_ppp,,,missing
gambia,2003,economic,export_diversification,,,missing
gambia,2003,economic,non_resource_export_share,,,missing
gambia,2003,economic,_dimension_score,,aggregated,derived
gambia,2003,international,sanctions,,,missing
gambia,2003,international,diplomatic_integration,,,missing
gambia,2003,international,foreign_military,,,missing
gambia,2003,international,fdi,,,missing
gambia,2003,international,refugee_flows,,,missing
gambia,2003,international,_dimension_score,,aggregated,derived
gambia,2003,transparency,budget_transparency,,,missing
gambia,2003,transparency,press_freedom,,,missing
gambia,2003,transparency,statistical_transparency,,,missing
gambia,2003,transparency,legal_transparency,,,missing
gambia,2003,transparency,extractive_transparency,,,missing
gambia,2003,transparency,control_of_corruption,,,missing
gambia,2003,transparency,_dimension_score,,aggregated,derived
gambia,2003,population_mobility,net_migration,,,missing
gambia,2003,population_mobility,remittances,,,missing
gambia,2003,population_mobility,_dimension_score,,aggregated,derived
gambia,2003,social,life_expectancy,,,missing
gambia,2003,social,infant_mortality,,,missing
gambia,2003,social,internet_users,,,missing
gambia,2003,social,health_expenditure,,,missing
gambia,2003,social,education_expenditure,,,missing
gambia,2003,social,hdi,,,missing
gambia,2003,social,_dimension_score,,aggregated,derived
gambia,2003,_composite,_composite_score,,aggregated,derived
gambia,2004,political,territorial_control,,,missing
gambia,2004,political,political_violence,,,missing
gambia,2004,political,institutional_functioning,,,missing
gambia,2004,political,civil_liberties,,,missing
gambia,2004,political,elite_cohesion,,,missing
gambia,2004,political,military_expenditure,,,missing
gambia,2004,political,political_stability,,,missing
gambia,2004,political,government_effectiveness,,,missing
gambia,2004,political,_dimension_score,,aggregated,derived
gambia,2004,economic,gdp_per_capita,,,missing
gambia,2004,economic,inflation,,,missing
gambia,2004,economic,unemployment,,,missing
gambia,2004,economic,trade_openness,,,missing
gambia,2004,economic,fiscal_health,,,missing
gambia,2004,economic,natural_resource_rents,,,missing
gambia,2004,economic,youth_unemployment,,,missing
gambia,2004,economic,gini,,,missing
gambia,2004,economic,neet_rate,,,missing
gambia,2004,economic,gini_adjusted_gdp_per_capita,,,missing
gambia,2004,economic,poverty_rate,,,missing
gambia,2004,economic,gini_adjusted_gdp_per_capita_ppp,,,missing
gambia,2004,economic,export_diversification,,,missing
gambia,2004,economic,non_resource_export_share,,,missing
gambia,2004,economic,_dimension_score,,aggregated,derived
gambia,2004,international,sanctions,,,missing
gambia,2004,international,diplomatic_integration,,,missing
gambia,2004,international,foreign_military,,,missing
gambia,2004,international,fdi,,,missing
gambia,2004,international,refugee_flows,,,missing
gambia,2004,international,_dimension_score,,aggregated,derived
gambia,2004,transparency,budget_transparency,,,missing
gambia,2004,transparency,press_freedom,,,missing
gambia,2004,transparency,statistical_transparency,,,missing
gambia,2004,transparency,legal_transparency,,,missing
gambia,2004,transparency,extractive_transparency,,,missing
gambia,2004,transparency,control_of_corruption,,,missing
gambia,2004,transparency,_dimension_score,,aggregated,derived
gambia,2004,population_mobility,net_migration,,,missing
gambia,2004,population_mobility,remittances,,,missing
gambia,2004,population_mobility,_dimension_score,,aggregated,derived
gambia,2004,social,life_expectancy,,,missing
gambia,2004,social,infant_mortality,,,missing
gambia,2004,social,internet_users,,,missing
gambia,2004,social,health_expenditure,,,missing
gambia,2004,social,education_expenditure,,,missing
gambia,2004,social,hdi,,,missing
gambia,2004,social,_dimension_score,,aggregated,derived
gambia,2004,_composite,_composite_score,,aggregated,derived
gambia,2005,political,territorial_control,95,qualitative,complete
gambia,2005,political,political_violence,95,qualitative,complete
gambia,2005,political,institutional_functioning,40,qualitative,complete
gambia,2005,political,civil_liberties,4.5,quantitative,complete
gambia,2005,political,elite_cohesion,95,qualitative,complete
gambia,2005,political,military_expenditure,,,missing
gambia,2005,political,political_stability,,,missing
gambia,2005,political,government_effectiveness,,,missing
gambia,2005,political,_dimension_score,65.9,aggregated,derived
gambia,2005,economic,gdp_per_capita,59.5,quantitative,complete
gambia,2005,economic,inflation,79.5,quantitative,complete
gambia,2005,economic,unemployment,60,qualitative,complete
gambia,2005,economic,trade_openness,59.5,quantitative,complete
gambia,2005,economic,fiscal_health,59.5,quantitative,complete
gambia,2005,economic,natural_resource_rents,,,missing
gambia,2005,economic,youth_unemployment,,,missing
gambia,2005,economic,gini,,,missing
gambia,2005,economic,neet_rate,,,missing
gambia,2005,economic,gini_adjusted_gdp_per_capita,,,missing
gambia,2005,economic,poverty_rate,,,missing
gambia,2005,economic,gini_adjusted_gdp_per_capita_ppp,,,missing
gambia,2005,economic,export_diversification,,,missing
gambia,2005,economic,non_resource_export_share,,,missing
gambia,2005,economic,_dimension_score,63.6,aggregated,derived
gambia,2005,international,sanctions,95,qualitative,complete
gambia,2005,international,diplomatic_integration,80,qualitative,complete
gambia,2005,international,foreign_military,95,qualitative,complete
gambia,2005,international,fdi,95.0,quantitative,complete
gambia,2005,international,refugee_flows,59.5,quantitative,complete
gambia,2005,international,_dimension_score,84.9,aggregated,derived
gambia,2005,transparency,budget_transparency,0,qualitative,complete
gambia,2005,transparency,press_freedom,92.5,quantitative,complete
gambia,2005,transparency,statistical_transparency,49.5,quantitative,complete
gambia,2005,transparency,legal_transparency,5,qualitative,complete
gambia,2005,transparency,extractive_transparency,20,qualitative,complete
gambia,2005,transparency,control_of_corruption,,,missing
gambia,2005,transparency,_dimension_score,33.4,aggregated,derived
gambia,2005,population_mobility,net_migration,,,missing
gambia,2005,population_mobility,remittances,,,missing
gambia,2005,population_mobility,_dimension_score,,aggregated,derived
gambia,2005,social,life_expectancy,,,missing
gambia,2005,social,infant_mortality,,,missing
gambia,2005,social,internet_users,,,missing
gambia,2005,social,health_expenditure,,,missing
gambia,2005,social,education_expenditure,,,missing
gambia,2005,social,hdi,,,missing
gambia,2005,social,_dimension_score,,aggregated,derived
gambia,2005,_composite,_composite_score,62.0,aggregated,derived
gambia,2006,political,territorial_control,95,qualitative,complete
gambia,2006,political,political_violence,95,qualitative,complete
gambia,2006,political,institutional_functioning,40,qualitative,complete
gambia,2006,political,civil_liberties,4.5,quantitative,complete
gambia,2006,political,elite_cohesion,80,qualitative,complete
gambia,2006,political,military_expenditure,,,missing
gambia,2006,political,political_stability,,,missing
gambia,2006,political,government_effectiveness,,,missing
gambia,2006,political,_dimension_score,62.9,aggregated,derived
gambia,2006,economic,gdp_per_capita,59.5,quantitative,complete
gambia,2006,economic,inflation,95.0,quantitative,complete
gambia,2006,economic,unemployment,60,qualitative,complete
gambia,2006,economic,trade_openness,59.5,quantitative,complete
gambia,2006,economic,fiscal_health,59.5,quantitative,complete
gambia,2006,economic,natural_resource_rents,,,missing
gambia,2006,economic,youth_unemployment,,,missing
gambia,2006,economic,gini,,,missing
gambia,2006,economic,neet_rate,,,missing
gambia,2006,economic,gini_adjusted_gdp_per_capita,,,missing
gambia,2006,economic,poverty_rate,,,missing
gambia,2006,economic,gini_adjusted_gdp_per_capita_ppp,,,missing
gambia,2006,economic,export_diversification,,,missing
gambia,2006,economic,non_resource_export_share,,,missing
gambia,2006,economic,_dimension_score,66.7,aggregated,derived
gambia,2006,international,sanctions,95,qualitative,complete
gambia,2006,international,diplomatic_integration,80,qualitative,complete
gambia,2006,international,foreign_military,95,qualitative,complete
gambia,2006,international,fdi,95.0,quantitative,complete
gambia,2006,international,refugee_flows,59.5,quantitative,complete
gambia,2006,international,_dimension_score,84.9,aggregated,derived
gambia,2006,transparency,budget_transparency,0,qualitative,complete
gambia,2006,transparency,press_freedom,92.5,quantitative,complete
gambia,2006,transparency,statistical_transparency,49.5,quantitative,complete
gambia,2006,transparency,legal_transparency,5,qualitative,complete
gambia,2006,transparency,extractive_transparency,20,qualitative,complete
gambia,2006,transparency,control_of_corruption,,,missing
gambia,2006,transparency,_dimension_score,33.4,aggregated,derived
gambia,2006,population_mobility,net_migration,,,missing
gambia,2006,population_mobility,remittances,,,missing
gambia,2006,population_mobility,_dimension_score,,aggregated,derived
gambia,2006,social,life_expectancy,,,missing
gambia,2006,social,infant_mortality,,,missing
gambia,2006,social,internet_users,,,missing
gambia,2006,social,health_expenditure,,,missing
gambia,2006,social,education_expenditure,,,missing
gambia,2006,social,hdi,,,missing
gambia,2006,social,_dimension_score,,aggregated,derived
gambia,2006,_composite,_composite_score,62.0,aggregated,derived
gambia,2007,political,territorial_control,95,qualitative,complete
gambia,2007,political,political_violence,95,qualitative,complete
gambia,2007,political,institutional_functioning,40,qualitative,complete
gambia,2007,political,civil_liberties,4.5,quantitative,complete
gambia,2007,political,elite_cohesion,95,qualitative,complete
gambia,2007,political,military_expenditure,,,missing
gambia,2007,political,political_stability,,,missing
gambia,2007,political,government_effectiveness,,,missing
gambia,2007,political,_dimension_score,65.9,aggregated,derived
gambia,2007,economic,gdp_per_capita,79.5,quantitative,complete
gambia,2007,economic,inflation,79.5,quantitative,complete
gambia,2007,economic,unemployment,60,qualitative,complete
gambia,2007,economic,trade_openness,59.5,quantitative,complete
gambia,2007,economic,fiscal_health,59.5,quantitative,complete
gambia,2007,economic,natural_resource_rents,,,missing
gambia,2007,economic,youth_unemployment,,,missing
gambia,2007,economic,gini,,,missing
gambia,2007,economic,neet_rate,,,missing
gambia,2007,economic,gini_adjusted_gdp_per_capita,,,missing
gambia,2007,economic,poverty_rate,,,missing
gambia,2007,economic,gini_adjusted_gdp_per_capita_ppp,,,missing
gambia,2007,economic,export_diversification,,,missing
gambia,2007,economic,non_resource_export_share,,,missing
gambia,2007,economic,_dimension_score,67.6,aggregated,derived
gambia,2007,international,sanctions,95,qualitative,complete
gambia,2007,international,diplomatic_integration,80,qualitative,complete
gambia,2007,international,foreign_military,95,qualitative,complete
gambia,2007,international,fdi,95.0,quantitative,complete
gambia,2007,international,refugee_flows,59.5,quantitative,complete
gambia,2007,international,_dimension_score,84.9,aggregated,derived
gambia,2007,transparency,budget_transparency,0,qualitative,complete
gambia,2007,transparency,press_freedom,92.5,quantitative,complete
gambia,2007,transparency,statistical_transparency,49.5,quantitative,complete
gambia,2007,transparency,legal_transparency,5,qualitative,complete
gambia,2007,transparency,extractive_transparency,20,qualitative,complete
gambia,2007,transparency,control_of_corruption,,,missing
gambia,2007,transparency,_dimension_score,33.4,aggregated,derived
gambia,2007,population_mobility,net_migration,,,missing
gambia,2007,population_mobility,remittances,,,missing
gambia,2007,population_mobility,_dimension_score,,aggregated,derived
gambia,2007,social,life_expectancy,,,missing
gambia,2007,social,infant_mortality,,,missing
gambia,2007,social,internet_users,,,missing
gambia,2007,social,health_expenditure,,,missing
gambia,2007,social,education_expenditure,,,missing
gambia,2007,social,hdi,,,missing
gambia,2007,social,_dimension_score,,aggregated,derived
gambia,2007,_composite,_composite_score,63.0,aggregated,derived
gambia,2008,political,territorial_control,95,qualitative,complete
gambia,2008,political,political_violence,95,qualitative,complete
gambia,2008,political,institutional_functioning,40,qualitative,complete
gambia,2008,political,civil_liberties,4.5,quantitative,complete
gambia,2008,political,elite_cohesion,95,qualitative,complete
gambia,2008,political,military_expenditure,,,missing
gambia,2008,political,political_stability,,,missing
gambia,2008,political,government_effectiveness,,,missing
gambia,2008,political,_dimension_score,65.9,aggregated,derived
gambia,2008,economic,gdp_per_capita,95.0,quantitative,complete
gambia,2008,economic,inflation,79.5,quantitative,complete
gambia,2008,economic,unemployment,60,qualitative,complete
gambia,2008,economic,trade_openness,79.5,quantitative,complete
gambia,2008,economic,fiscal_health,59.5,quantitative,complete
gambia,2008,economic,natural_resource_rents,,,missing
gambia,2008,economic,youth_unemployment,,,missing
gambia,2008,economic,gini,,,missing
gambia,2008,economic,neet_rate,,,missing
gambia,2008,economic,gini_adjusted_gdp_per_capita,,,missing
gambia,2008,economic,poverty_rate,,,missing
gambia,2008,economic,gini_adjusted_gdp_per_capita_ppp,,,missing
gambia,2008,economic,export_diversification,,,missing
gambia,2008,economic,non_resource_export_share,,,missing
gambia,2008,economic,_dimension_score,74.7,aggregated,derived
gambia,2008,international,sanctions,95,qualitative,complete
gambia,2008,international,diplomatic_integration,80,qualitative,complete
gambia,2008,international,foreign_military,95,qualitative,complete
gambia,2008,international,fdi,95.0,quantitative,complete
gambia,2008,international,refugee_flows,59.5,quantitative,complete
gambia,2008,international,_dimension_score,84.9,aggregated,derived
gambia,2008,transparency,budget_transparency,0,qualitative,complete
gambia,2008,transparency,press_freedom,92.5,quantitative,complete
gambia,2008,transparency,statistical_transparency,49.5,quantitative,complete
gambia,2008,transparency,legal_transparency,5,qualitative,complete
gambia,2008,transparency,extractive_transparency,20,qualitative,complete
gambia,2008,transparency,control_of_corruption,,,missing
gambia,2008,transparency,_dimension_score,33.4,aggregated,derived
gambia,2008,population_mobility,net_migration,,,missing
gambia,2008,population_mobility,remittances,,,missing
gambia,2008,population_mobility,_dimension_score,,aggregated,derived
gambia,2008,social,life_expectancy,,,missing
gambia,2008,social,infant_mortality,,,missing
gambia,2008,social,internet_users,,,missing
gambia,2008,social,health_expenditure,,,missing
gambia,2008,social,education_expenditure,,,missing
gambia,2008,social,hdi,,,missing
gambia,2008,social,_dimension_score,,aggregated,derived
gambia,2008,_composite,_composite_score,64.7,aggregated,derived
gambia,2009,political,territorial_control,95,qualitative,complete
gambia,2009,political,political_violence,95,qualitative,complete
gambia,2009,political,institutional_functioning,40,qualitative,complete
gambia,2009,political,civil_liberties,4.5,quantitative,complete
gambia,2009,political,elite_cohesion,95,qualitative,complete
gambia,2009,political,military_expenditure,,,missing
gambia,2009,political,political_stability,,,missing
gambia,2009,political,government_effectiveness,,,missing
gambia,2009,political,_dimension_score,65.9,aggregated,derived
gambia,2009,economic,gdp_per_capita,79.5,quantitative,complete
gambia,2009,economic,inflation,79.5,quantitative,complete
gambia,2009,economic,unemployment,60,qualitative,complete
gambia,2009,economic,trade_openness,59.5,quantitative,complete
gambia,2009,economic,fiscal_health,59.5,quantitative,complete
gambia,2009,economic,natural_resource_rents,,,missing
gambia,2009,economic,youth_unemployment,,,missing
gambia,2009,economic,gini,,,missing
gambia,2009,economic,neet_rate,,,missing
gambia,2009,economic,gini_adjusted_gdp_per_capita,,,missing
gambia,2009,economic,poverty_rate,,,missing
gambia,2009,economic,gini_adjusted_gdp_per_capita_ppp,,,missing
gambia,2009,economic,export_diversification,,,missing
gambia,2009,economic,non_resource_export_share,,,missing
gambia,2009,economic,_dimension_score,67.6,aggregated,derived
gambia,2009,international,sanctions,95,qualitative,complete
gambia,2009,international,diplomatic_integration,60,qualitative,complete
gambia,2009,international,foreign_military,95,qualitative,complete
gambia,2009,international,fdi,79.5,quantitative,complete
gambia,2009,international,refugee_flows,59.5,quantitative,complete
gambia,2009,international,_dimension_score,77.8,aggregated,derived
gambia,2009,transparency,budget_transparency,0,qualitative,complete
gambia,2009,transparency,press_freedom,92.5,quantitative,complete
gambia,2009,transparency,statistical_transparency,49.5,quantitative,complete
gambia,2009,transparency,legal_transparency,5,qualitative,complete
gambia,2009,transparency,extractive_transparency,20,qualitative,complete
gambia,2009,transparency,control_of_corruption,,,missing
gambia,2009,transparency,_dimension_score,33.4,aggregated,derived
gambia,2009,population_mobility,net_migration,,,missing
gambia,2009,population_mobility,remittances,,,missing
gambia,2009,population_mobility,_dimension_score,,aggregated,derived
gambia,2009,social,life_expectancy,,,missing
gambia,2009,social,infant_mortality,,,missing
gambia,2009,social,internet_users,,,missing
gambia,2009,social,health_expenditure,,,missing
gambia,2009,social,education_expenditure,,,missing
gambia,2009,social,hdi,,,missing
gambia,2009,social,_dimension_score,,aggregated,derived
gambia,2009,_composite,_composite_score,61.2,aggregated,derived
gambia,2010,political,territorial_control,95,qualitative,complete
gambia,2010,political,political_violence,95,qualitative,complete
gambia,2010,political,institutional_functioning,40,qualitative,complete
gambia,2010,political,civil_liberties,4.5,quantitative,complete
gambia,2010,political,elite_cohesion,95,qualitative,complete
gambia,2010,political,military_expenditure,,,missing
gambia,2010,political,political_stability,,,missing
gambia,2010,political,government_effectiveness,,,missing
gambia,2010,political,_dimension_score,65.9,aggregated,derived
gambia,2010,economic,gdp_per_capita,79.5,quantitative,complete
gambia,2010,economic,inflation,79.5,quantitative,complete
gambia,2010,economic,unemployment,60,qualitative,complete
gambia,2010,economic,trade_openness,59.5,quantitative,complete
gambia,2010,economic,fiscal_health,59.5,quantitative,complete
gambia,2010,economic,natural_resource_rents,,,missing
gambia,2010,economic,youth_unemployment,,,missing
gambia,2010,economic,gini,,,missing
gambia,2010,economic,neet_rate,,,missing
gambia,2010,economic,gini_adjusted_gdp_per_capita,,,missing
gambia,2010,economic,poverty_rate,,,missing
gambia,2010,economic,gini_adjusted_gdp_per_capita_ppp,,,missing
gambia,2010,economic,export_diversification,,,missing
gambia,2010,economic,non_resource_export_share,,,missing
gambia,2010,economic,_dimension_score,67.6,aggregated,derived
gambia,2010,international,sanctions,95,qualitative,complete
gambia,2010,international,diplomatic_integration,80,qualitative,complete
gambia,2010,international,foreign_military,95,qualitative,complete
gambia,2010,international,fdi,79.5,quantitative,complete
gambia,2010,international,refugee_flows,59.5,quantitative,complete
gambia,2010,international,_dimension_score,81.8,aggregated,derived
gambia,2010,transparency,budget_transparency,0.0,quantitative,complete
gambia,2010,transparency,press_freedom,92.5,quantitative,complete
gambia,2010,transparency,statistical_transparency,49.5,quantitative,complete
gambia,2010,transparency,legal_transparency,5,qualitative,complete
gambia,2010,transparency,extractive_transparency,20,qualitative,complete
gambia,2010,transparency,control_of_corruption,,,missing
gambia,2010,transparency,_dimension_score,33.4,aggregated,derived
gambia,2010,population_mobility,net_migration,,,missing
gambia,2010,population_mobility,remittances,,,missing
gambia,2010,population_mobility,_dimension_score,,aggregated,derived
gambia,2010,social,life_expectancy,,,missing
gambia,2010,social,infant_mortality,,,missing
gambia,2010,social,internet_users,,,missing
gambia,2010,social,health_expenditure,,,missing
gambia,2010,social,education_expenditure,,,missing
gambia,2010,social,hdi,,,missing
gambia,2010,social,_dimension_score,,aggregated,derived
gambia,2010,_composite,_composite_score,62.2,aggregated,derived
gambia,2011,political,territorial_control,95,qualitative,complete
gambia,2011,political,political_violence,95,qualitative,complete
gambia,2011,political,institutional_functioning,40,qualitative,complete
gambia,2011,political,civil_liberties,4.5,quantitative,complete
gambia,2011,political,elite_cohesion,95,qualitative,complete
gambia,2011,political,military_expenditure,,,missing
gambia,2011,political,political_stability,,,missing
gambia,2011,political,government_effectiveness,,,missing
gambia,2011,political,_dimension_score,65.9,aggregated,derived
gambia,2011,economic,gdp_per_capita,79.5,quantitative,complete
gambia,2011,economic,inflation,79.5,quantitative,complete
gambia,2011,economic,unemployment,60,qualitative,complete
gambia,2011,economic,trade_openness,59.5,quantitative,complete
gambia,2011,economic,fiscal_health,59.5,quantitative,complete
gambia,2011,economic,natural_resource_rents,,,missing
gambia,2011,economic,youth_unemployment,,,missing
gambia,2011,economic,gini,,,missing
gambia,2011,economic,neet_rate,,,missing
gambia,2011,economic,gini_adjusted_gdp_per_capita,,,missing
gambia,2011,economic,poverty_rate,,,missing
gambia,2011,economic,gini_adjusted_gdp_per_capita_ppp,,,missing
gambia,2011,economic,export_diversification,,,missing
gambia,2011,economic,non_resource_export_share,,,missing
gambia,2011,economic,_dimension_score,67.6,aggregated,derived
gambia,2011,international,sanctions,95,qualitative,complete
gambia,2011,international,diplomatic_integration,80,qualitative,complete
gambia,2011,international,foreign_military,95,qualitative,complete
gambia,2011,international,fdi,79.5,quantitative,complete
gambia,2011,international,refugee_flows,59.5,quantitative,complete
gambia,2011,international,_dimension_score,81.8,aggregated,derived
gambia,2011,transparency,budget_transparency,0,qualitative,complete
gambia,2011,transparency,press_freedom,92.5,quantitative,complete
gambia,2011,transparency,statistical_transparency,49.5,quantitative,complete
gambia,2011,transparency,legal_transparency,5,qualitative,complete
gambia,2011,transparency,extractive_transparency,20,qualitative,complete
gambia,2011,transparency,control_of_corruption,,,missing
gambia,2011,transparency,_dimension_score,33.4,aggregated,derived
gambia,2011,population_mobility,net_migration,,,missing
gambia,2011,population_mobility,remittances,,,missing
gambia,2011,population_mobility,_dimension_score,,aggregated,derived
gambia,2011,social,life_expectancy,,,missing
gambia,2011,social,infant_mortality,,,missing
gambia,2011,social,internet_users,,,missing
gambia,2011,social,health_expenditure,,,missing
gambia,2011,social,education_expenditure,,,missing
gambia,2011,social,hdi,,,missing
gambia,2011,social,_dimension_score,,aggregated,derived
gambia,2011,_composite,_composite_score,62.2,aggregated,derived
gambia,2012,political,territorial_control,95,qualitative,complete
gambia,2012,political,political_violence,95,qualitative,complete
gambia,2012,political,institutional_functioning,40,qualitative,complete
gambia,2012,political,civil_liberties,4.5,quantitative,complete
gambia,2012,political,elite_cohesion,95,qualitative,complete
gambia,2012,political,military_expenditure,,,missing
gambia,2012,political,political_stability,,,missing
gambia,2012,political,government_effectiveness,,,missing
gambia,2012,political,_dimension_score,65.9,aggregated,derived
gambia,2012,economic,gdp_per_capita,79.5,quantitative,complete
gambia,2012,economic,inflation,79.5,quantitative,complete
gambia,2012,economic,unemployment,60,qualitative,complete
gambia,2012,economic,trade_openness,59.5,quantitative,complete
gambia,2012,economic,fiscal_health,39.5,quantitative,complete
gambia,2012,economic,natural_resource_rents,,,missing
gambia,2012,economic,youth_unemployment,,,missing
gambia,2012,economic,gini,,,missing
gambia,2012,economic,neet_rate,,,missing
gambia,2012,economic,gini_adjusted_gdp_per_capita,,,missing
gambia,2012,economic,poverty_rate,,,missing
gambia,2012,economic,gini_adjusted_gdp_per_capita_ppp,,,missing
gambia,2012,economic,export_diversification,,,missing
gambia,2012,economic,non_resource_export_share,,,missing
gambia,2012,economic,_dimension_score,63.6,aggregated,derived
gambia,2012,international,sanctions,95,qualitative,complete
gambia,2012,international,diplomatic_integration,60,qualitative,complete
gambia,2012,international,foreign_military,95,qualitative,complete
gambia,2012,international,fdi,79.5,quantitative,complete
gambia,2012,international,refugee_flows,59.5,quantitative,complete
gambia,2012,international,_dimension_score,77.8,aggregated,derived
gambia,2012,transparency,budget_transparency,0.0,quantitative,complete
gambia,2012,transparency,press_freedom,92.5,quantitative,complete
gambia,2012,transparency,statistical_transparency,49.5,quantitative,complete
gambia,2012,transparency,legal_transparency,5,qualitative,complete
gambia,2012,transparency,extractive_transparency,20,qualitative,complete
gambia,2012,transparency,control_of_corruption,,,missing
gambia,2012,transparency,_dimension_score,33.4,aggregated,derived
gambia,2012,population_mobility,net_migration,,,missing
gambia,2012,population_mobility,remittances,,,missing
gambia,2012,population_mobility,_dimension_score,,aggregated,derived
gambia,2012,social,life_expectancy,,,missing
gambia,2012,social,infant_mortality,,,missing
gambia,2012,social,internet_users,,,missing
gambia,2012,social,health_expenditure,,,missing
gambia,2012,social,education_expenditure,,,missing
gambia,2012,social,hdi,,,missing
gambia,2012,social,_dimension_score,,aggregated,derived
gambia,2012,_composite,_composite_score,60.2,aggregated,derived
gambia,2013,political,territorial_control,95,qualitative,complete
gambia,2013,political,political_violence,95,qualitative,complete
gambia,2013,political,institutional_functioning,40,qualitative,complete
gambia,2013,political,civil_liberties,4.5,quantitative,complete
gambia,2013,political,elite_cohesion,80,qualitative,complete
gambia,2013,political,military_expenditure,,,missing
gambia,2013,political,political_stability,,,missing
gambia,2013,political,government_effectiveness,,,missing
gambia,2013,political,_dimension_score,62.9,aggregated,derived
gambia,2013,economic,gdp_per_capita,59.5,quantitative,complete
gambia,2013,economic,inflation,79.5,quantitative,complete
gambia,2013,economic,unemployment,60,qualitative,complete
gambia,2013,economic,trade_openness,59.5,quantitative,complete
gambia,2013,economic,fiscal_health,39.5,quantitative,complete
gambia,2013,economic,natural_resource_rents,,,missing
gambia,2013,economic,youth_unemployment,,,missing
gambia,2013,economic,gini,,,missing
gambia,2013,economic,neet_rate,,,missing
gambia,2013,economic,gini_adjusted_gdp_per_capita,,,missing
gambia,2013,economic,poverty_rate,,,missing
gambia,2013,economic,gini_adjusted_gdp_per_capita_ppp,,,missing
gambia,2013,economic,export_diversification,,,missing
gambia,2013,economic,non_resource_export_share,,,missing
gambia,2013,economic,_dimension_score,59.6,aggregated,derived
gambia,2013,international,sanctions,95,qualitative,complete
gambia,2013,international,diplomatic_integration,60,qualitative,complete
gambia,2013,international,foreign_military,95,qualitative,complete
gambia,2013,international,fdi,79.5,quantitative,complete
gambia,2013,international,refugee_flows,59.5,quantitative,complete
gambia,2013,international,_dimension_score,77.8,aggregated,derived
gambia,2013,transparency,budget_transparency,0,qualitative,complete
gambia,2013,transparency,press_freedom,92.5,quantitative,complete
gambia,2013,transparency,statistical_transparency,69.5,quantitative,complete
gambia,2013,transparency,legal_transparency,5,qualitative,complete
gambia,2013,transparency,extractive_transparency,20,qualitative,complete
gambia,2013,transparency,control_of_corruption,,,missing
gambia,2013,transparency,_dimension_score,37.4,aggregated,derived
gambia,2013,population_mobility,net_migration,,,missing
gambia,2013,population_mobility,remittances,,,missing
gambia,2013,population_mobility,_dimension_score,,aggregated,derived
gambia,2013,social,life_expectancy,,,missing
gambia,2013,social,infant_mortality,,,missing
gambia,2013,social,internet_users,,,missing
gambia,2013,social,health_expenditure,,,missing
gambia,2013,social,education_expenditure,,,missing
gambia,2013,social,hdi,,,missing
gambia,2013,social,_dimension_score,,aggregated,derived
gambia,2013,_composite,_composite_score,59.4,aggregated,derived
gambia,2014,political,territorial_control,95,qualitative,complete
gambia,2014,political,political_violence,95,qualitative,complete
gambia,2014,political,institutional_functioning,40,qualitative,complete
gambia,2014,political,civil_liberties,4.5,quantitative,complete
gambia,2014,political,elite_cohesion,80,qualitative,complete
gambia,2014,political,military_expenditure,,,missing
gambia,2014,political,political_stability,,,missing
gambia,2014,political,government_effectiveness,,,missing
gambia,2014,political,_dimension_score,62.9,aggregated,derived
gambia,2014,economic,gdp_per_capita,59.5,quantitative,complete
gambia,2014,economic,inflation,79.5,quantitative,complete
gambia,2014,economic,unemployment,40,qualitative,complete
gambia,2014,economic,trade_openness,59.5,quantitative,complete
gambia,2014,economic,fiscal_health,39.5,quantitative,complete
gambia,2014,economic,natural_resource_rents,,,missing
gambia,2014,economic,youth_unemployment,,,missing
gambia,2014,economic,gini,,,missing
gambia,2014,economic,neet_rate,,,missing
gambia,2014,economic,gini_adjusted_gdp_per_capita,,,missing
gambia,2014,economic,poverty_rate,,,missing
gambia,2014,economic,gini_adjusted_gdp_per_capita_ppp,,,missing
gambia,2014,economic,export_diversification,,,missing
gambia,2014,economic,non_resource_export_share,,,missing
gambia,2014,economic,_dimension_score,55.6,aggregated,derived
gambia,2014,international,sanctions,95,qualitative,complete
gambia,2014,international,diplomatic_integration,60,qualitative,complete
gambia,2014,international,foreign_military,95,qualitative,complete
gambia,2014,international,fdi,79.5,quantitative,complete
gambia,2014,international,refugee_flows,59.5,quantitative,complete
gambia,2014,international,_dimension_score,77.8,aggregated,derived
gambia,2014,transparency,budget_transparency,0,qualitative,complete
gambia,2014,transparency,press_freedom,92.5,quantitative,complete
gambia,2014,transparency,statistical_transparency,49.5,quantitative,complete
gambia,2014,transparency,legal_transparency,5,qualitative,complete
gambia,2014,transparency,extractive_transparency,20,qualitative,complete
gambia,2014,transparency,control_of_corruption,,,missing
gambia,2014,transparency,_dimension_score,33.4,aggregated,derived
gambia,2014,population_mobility,net_migration,,,missing
gambia,2014,population_mobility,remittances,,,missing
gambia,2014,population_mobility,_dimension_score,,aggregated,derived
gambia,2014,social,life_expectancy,,,missing
gambia,2014,social,infant_mortality,,,missing
gambia,2014,social,internet_users,,,missing
gambia,2014,social,health_expenditure,,,missing
gambia,2014,social,education_expenditure,,,missing
gambia,2014,social,hdi,,,missing
gambia,2014,social,_dimension_score,,aggregated,derived
gambia,2014,_composite,_composite_score,57.4,aggregated,derived
gambia,2015,political,territorial_control,95,qualitative,complete
gambia,2015,political,political_violence,95,qualitative,complete
gambia,2015,political,institutional_functioning,40,qualitative,complete
gambia,2015,political,civil_liberties,4.5,quantitative,complete
gambia,2015,political,elite_cohesion,80,qualitative,complete
gambia,2015,political,military_expenditure,,,missing
gambia,2015,political,political_stability,,,missing
gambia,2015,political,government_effectiveness,,,missing
gambia,2015,political,_dimension_score,62.9,aggregated,derived
gambia,2015,economic,gdp_per_capita,59.5,quantitative,complete
gambia,2015,economic,inflation,79.5,quantitative,complete
gambia,2015,economic,unemployment,40,qualitative,complete
gambia,2015,economic,trade_openness,59.5,quantitative,complete
gambia,2015,economic,fiscal_health,39.5,quantitative,complete
gambia,2015,economic,natural_resource_rents,,,missing
gambia,2015,economic,youth_unemployment,,,missing
gambia,2015,economic,gini,,,missing
gambia,2015,economic,neet_rate,,,missing
gambia,2015,economic,gini_adjusted_gdp_per_capita,,,missing
gambia,2015,economic,poverty_rate,,,missing
gambia,2015,economic,gini_adjusted_gdp_per_capita_ppp,,,missing
gambia,2015,economic,export_diversification,,,missing
gambia,2015,economic,non_resource_export_share,,,missing
gambia,2015,economic,_dimension_score,55.6,aggregated,derived
gambia,2015,international,sanctions,80,qualitative,complete
gambia,2015,international,diplomatic_integration,60,qualitative,complete
gambia,2015,international,foreign_military,95,qualitative,complete
gambia,2015,international,fdi,79.5,quantitative,complete
gambia,2015,international,refugee_flows,39.5,quantitative,complete
gambia,2015,international,_dimension_score,70.8,aggregated,derived
gambia,2015,transparency,budget_transparency,0,qualitative,complete
gambia,2015,transparency,press_freedom,92.5,quantitative,complete
gambia,2015,transparency,statistical_transparency,49.5,quantitative,complete
gambia,2015,transparency,legal_transparency,95.0,quantitative,complete
gambia,2015,transparency,extractive_transparency,20,qualitative,complete
gambia,2015,transparency,control_of_corruption,,,missing
gambia,2015,transparency,_dimension_score,51.4,aggregated,derived
gambia,2015,population_mobility,net_migration,,,missing
gambia,2015,population_mobility,remittances,,,missing
gambia,2015,population_mobility,_dimension_score,,aggregated,derived
gambia,2015,social,life_expectancy,,,missing
gambia,2015,social,infant_mortality,,,missing
gambia,2015,social,internet_users,,,missing
gambia,2015,social,health_expenditure,,,missing
gambia,2015,social,education_expenditure,,,missing
gambia,2015,social,hdi,,,missing
gambia,2015,social,_dimension_score,,aggregated,derived
gambia,2015,_composite,_composite_score,60.2,aggregated,derived
gambia,2016,political,territorial_control,95,qualitative,complete
gambia,2016,political,political_violence,95,qualitative,complete
gambia,2016,political,institutional_functioning,40,qualitative,complete
gambia,2016,political,civil_liberties,4.5,quantitative,complete
gambia,2016,political,elite_cohesion,60,qualitative,complete
gambia,2016,political,military_expenditure,,,missing
gambia,2016,political,political_stability,,,missing
gambia,2016,political,government_effectiveness,,,missing
gambia,2016,political,_dimension_score,58.9,aggregated,derived
gambia,2016,economic,gdp_per_capita,59.5,quantitative,complete
gambia,2016,economic,inflation,79.5,quantitative,complete
gambia,2016,economic,unemployment,40,qualitative,complete
gambia,2016,economic,trade_openness,59.5,quantitative,complete
gambia,2016,economic,fiscal_health,39.5,quantitative,complete
gambia,2016,economic,natural_resource_rents,,,missing
gambia,2016,economic,youth_unemployment,,,missing
gambia,2016,economic,gini,,,missing
gambia,2016,economic,neet_rate,,,missing
gambia,2016,economic,gini_adjusted_gdp_per_capita,,,missing
gambia,2016,economic,poverty_rate,,,missing
gambia,2016,economic,gini_adjusted_gdp_per_capita_ppp,,,missing
gambia,2016,economic,export_diversification,,,missing
gambia,2016,economic,non_resource_export_share,,,missing
gambia,2016,economic,_dimension_score,55.6,aggregated,derived
gambia,2016,international,sanctions,80,qualitative,complete
gambia,2016,international,diplomatic_integration,40,qualitative,complete
gambia,2016,international,foreign_military,95,qualitative,complete
gambia,2016,international,fdi,59.5,quantitative,complete
gambia,2016,international,refugee_flows,39.5,quantitative,complete
gambia,2016,international,_dimension_score,62.8,aggregated,derived
gambia,2016,transparency,budget_transparency,0,qualitative,complete
gambia,2016,transparency,press_freedom,92.5,quantitative,complete
gambia,2016,transparency,statistical_transparency,49.5,quantitative,complete
gambia,2016,transparency,legal_transparency,95.0,quantitative,complete
gambia,2016,transparency,extractive_transparency,20,qualitative,complete
gambia,2016,transparency,control_of_corruption,,,missing
gambia,2016,transparency,_dimension_score,51.4,aggregated,derived
gambia,2016,population_mobility,net_migration,,,missing
gambia,2016,population_mobility,remittances,,,missing
gambia,2016,population_mobility,_dimension_score,,aggregated,derived
gambia,2016,social,life_expectancy,,,missing
gambia,2016,social,infant_mortality,,,missing
gambia,2016,social,internet_users,,,missing
gambia,2016,social,health_expenditure,,,missing
gambia,2016,social,education_expenditure,,,missing
gambia,2016,social,hdi,,,missing
gambia,2016,social,_dimension_score,,aggregated,derived
gambia,2016,_composite,_composite_score,57.2,aggregated,derived
gambia,2017,political,territorial_control,95,qualitative,complete
gambia,2017,political,political_violence,95,qualitative,complete
gambia,2017,political,institutional_functioning,55,qualitative,complete
gambia,2017,political,civil_liberties,4.5,quantitative,complete
gambia,2017,political,elite_cohesion,60,qualitative,complete
gambia,2017,political,military_expenditure,,,missing
gambia,2017,political,political_stability,,,missing
gambia,2017,political,government_effectiveness,,,missing
gambia,2017,political,_dimension_score,61.9,aggregated,derived
gambia,2017,economic,gdp_per_capita,59.5,quantitative,complete
gambia,2017,economic,inflation,79.5,quantitative,complete
gambia,2017,economic,unemployment,40,qualitative,complete
gambia,2017,economic,trade_openness,59.5,quantitative,complete
gambia,2017,economic,fiscal_health,39.5,quantitative,complete
gambia,2017,economic,natural_resource_rents,,,missing
gambia,2017,economic,youth_unemployment,,,missing
gambia,2017,economic,gini,,,missing
gambia,2017,economic,neet_rate,,,missing
gambia,2017,economic,gini_adjusted_gdp_per_capita,,,missing
gambia,2017,economic,poverty_rate,,,missing
gambia,2017,economic,gini_adjusted_gdp_per_capita_ppp,,,missing
gambia,2017,economic,export_diversification,,,missing
gambia,2017,economic,non_resource_export_share,,,missing
gambia,2017,economic,_dimension_score,55.6,aggregated,derived
gambia,2017,international,sanctions,95,qualitative,complete
gambia,2017,international,diplomatic_integration,95,qualitative,complete
gambia,2017,international,foreign_military,60,qualitative,complete
gambia,2017,international,fdi,79.5,quantitative,complete
gambia,2017,international,refugee_flows,59.5,quantitative,complete
gambia,2017,international,_dimension_score,77.8,aggregated,derived
gambia,2017,transparency,budget_transparency,0.0,quantitative,complete
gambia,2017,transparency,press_freedom,77.0,quantitative,complete
gambia,2017,transparency,statistical_transparency,49.5,quantitative,complete
gambia,2017,transparency,legal_transparency,95.0,quantitative,complete
gambia,2017,transparency,extractive_transparency,20,qualitative,complete
gambia,2017,transparency,control_of_corruption,,,missing
gambia,2017,transparency,_dimension_score,48.3,aggregated,derived
gambia,2017,population_mobility,net_migration,,,missing
gambia,2017,population_mobility,remittances,,,missing
gambia,2017,population_mobility,_dimension_score,,aggregated,derived
gambia,2017,social,life_expectancy,,,missing
gambia,2017,social,infant_mortality,,,missing
gambia,2017,social,internet_users,,,missing
gambia,2017,social,health_expenditure,,,missing
gambia,2017,social,education_expenditure,,,missing
gambia,2017,social,hdi,,,missing
gambia,2017,social,_dimension_score,,aggregated,derived
gambia,2017,_composite,_composite_score,60.9,aggregated,derived
gambia,2018,political,territorial_control,95,qualitative,complete
gambia,2018,political,political_violence,95,qualitative,complete
gambia,2018,political,institutional_functioning,55,qualitative,complete
gambia,2018,political,civil_liberties,4.5,quantitative,complete
gambia,2018,political,elite_cohesion,60,qualitative,complete
gambia,2018,political,military_expenditure,,,missing
gambia,2018,political,political_stability,,,missing
gambia,2018,political,government_effectiveness,,,missing
gambia,2018,political,_dimension_score,61.9,aggregated,derived
gambia,2018,economic,gdp_per_capita,59.5,quantitative,complete
gambia,2018,economic,inflation,79.5,quantitative,complete
gambia,2018,economic,unemployment,60,qualitative,complete
gambia,2018,economic,trade_openness,59.5,quantitative,complete
gambia,2018,economic,fiscal_health,39.5,quantitative,complete
gambia,2018,economic,natural_resource_rents,,,missing
gambia,2018,economic,youth_unemployment,,,missing
gambia,2018,economic,gini,,,missing
gambia,2018,economic,neet_rate,,,missing
gambia,2018,economic,gini_adjusted_gdp_per_capita,,,missing
gambia,2018,economic,poverty_rate,,,missing
gambia,2018,economic,gini_adjusted_gdp_per_capita_ppp,,,missing
gambia,2018,economic,export_diversification,,,missing
gambia,2018,economic,non_resource_export_share,,,missing
gambia,2018,economic,_dimension_score,59.6,aggregated,derived
gambia,2018,international,sanctions,95,qualitative,complete
gambia,2018,international,diplomatic_integration,95,qualitative,complete
gambia,2018,international,foreign_military,60,qualitative,complete
gambia,2018,international,fdi,79.5,quantitative,complete
gambia,2018,international,refugee_flows,59.5,quantitative,complete
gambia,2018,international,_dimension_score,77.8,aggregated,derived
gambia,2018,transparency,budget_transparency,10,qualitative,complete
gambia,2018,transparency,press_freedom,77.0,quantitative,complete
gambia,2018,transparency,statistical_transparency,69.5,quantitative,complete
gambia,2018,transparency,legal_transparency,95.0,quantitative,complete
gambia,2018,transparency,extractive_transparency,20,qualitative,complete
gambia,2018,transparency,control_of_corruption,,,missing
gambia,2018,transparency,_dimension_score,54.3,aggregated,derived
gambia,2018,population_mobility,net_migration,,,missing
gambia,2018,population_mobility,remittances,,,missing
gambia,2018,population_mobility,_dimension_score,,aggregated,derived
gambia,2018,social,life_expectancy,,,missing
gambia,2018,social,infant_mortality,,,missing
gambia,2018,social,internet_users,,,missing
gambia,2018,social,health_expenditure,,,missing
gambia,2018,social,education_expenditure,,,missing
gambia,2018,social,hdi,,,missing
gambia,2018,social,_dimension_score,,aggregated,derived
gambia,2018,_composite,_composite_score,63.4,aggregated,derived
gambia,2019,political,territorial_control,95,qualitative,complete
gambia,2019,political,political_violence,95,qualitative,complete
gambia,2019,political,institutional_functioning,55,qualitative,complete
gambia,2019,political,civil_liberties,4.5,quantitative,complete
gambia,2019,political,elite_cohesion,40,qualitative,complete
gambia,2019,political,military_expenditure,,,missing
gambia,2019,political,political_stability,,,missing
gambia,2019,political,government_effectiveness,,,missing
gambia,2019,political,_dimension_score,57.9,aggregated,derived
gambia,2019,economic,gdp_per_capita,79.5,quantitative,complete
gambia,2019,economic,inflation,79.5,quantitative,complete
gambia,2019,economic,unemployment,60,qualitative,complete
gambia,2019,economic,trade_openness,59.5,quantitative,complete
gambia,2019,economic,fiscal_health,39.5,quantitative,complete
gambia,2019,economic,natural_resource_rents,,,missing
gambia,2019,economic,youth_unemployment,,,missing
gambia,2019,economic,gini,,,missing
gambia,2019,economic,neet_rate,,,missing
gambia,2019,economic,gini_adjusted_gdp_per_capita,,,missing
gambia,2019,economic,poverty_rate,,,missing
gambia,2019,economic,gini_adjusted_gdp_per_capita_ppp,,,missing
gambia,2019,economic,export_diversification,,,missing
gambia,2019,economic,non_resource_export_share,,,missing
gambia,2019,economic,_dimension_score,63.6,aggregated,derived
gambia,2019,international,sanctions,95,qualitative,complete
gambia,2019,international,diplomatic_integration,95,qualitative,complete
gambia,2019,international,foreign_military,80,qualitative,complete
gambia,2019,international,fdi,79.5,quantitative,complete
gambia,2019,international,refugee_flows,59.5,quantitative,complete
gambia,2019,international,_dimension_score,81.8,aggregated,derived
gambia,2019,transparency,budget_transparency,10,qualitative,complete
gambia,2019,transparency,press_freedom,62.0,quantitative,complete
gambia,2019,transparency,statistical_transparency,69.5,quantitative,complete
gambia,2019,transparency,legal_transparency,95.0,quantitative,complete
gambia,2019,transparency,extractive_transparency,20,qualitative,complete
gambia,2019,transparency,control_of_corruption,,,missing
gambia,2019,transparency,_dimension_score,51.3,aggregated,derived
gambia,2019,population_mobility,net_migration,,,missing
gambia,2019,population_mobility,remittances,,,missing
gambia,2019,population_mobility,_dimension_score,,aggregated,derived
gambia,2019,social,life_expectancy,,,missing
gambia,2019,social,infant_mortality,,,missing
gambia,2019,social,internet_users,,,missing
gambia,2019,social,health_expenditure,,,missing
gambia,2019,social,education_expenditure,,,missing
gambia,2019,social,hdi,,,missing
gambia,2019,social,_dimension_score,,aggregated,derived
gambia,2019,_composite,_composite_score,63.6,aggregated,derived
gambia,2020,political,territorial_control,95,qualitative,complete
gambia,2020,political,political_violence,95,qualitative,complete
gambia,2020,political,institutional_functioning,55,qualitative,complete
gambia,2020,political,civil_liberties,4.5,quantitative,complete
gambia,2020,political,elite_cohesion,60,qualitative,complete
gambia,2020,political,military_expenditure,,,missing
gambia,2020,political,political_stability,,,missing
gambia,2020,political,government_effectiveness,,,missing
gambia,2020,political,_dimension_score,61.9,aggregated,derived
gambia,2020,economic,gdp_per_capita,79.5,quantitative,complete
gambia,2020,economic,inflation,79.5,quantitative,complete
gambia,2020,economic,unemployment,40,qualitative,complete
gambia,2020,economic,trade_openness,59.5,quantitative,complete
gambia,2020,economic,fiscal_health,39.5,quantitative,complete
gambia,2020,economic,natural_resource_rents,,,missing
gambia,2020,economic,youth_unemployment,,,missing
gambia,2020,economic,gini,,,missing
gambia,2020,economic,neet_rate,,,missing
gambia,2020,economic,gini_adjusted_gdp_per_capita,,,missing
gambia,2020,economic,poverty_rate,,,missing
gambia,2020,economic,gini_adjusted_gdp_per_capita_ppp,,,missing
gambia,2020,economic,export_diversification,,,missing
gambia,2020,economic,non_resource_export_share,,,missing
gambia,2020,economic,_dimension_score,59.6,aggregated,derived
gambia,2020,international,sanctions,95,qualitative,complete
gambia,2020,international,diplomatic_integration,95,qualitative,complete
gambia,2020,international,foreign_military,80,qualitative,complete
gambia,2020,international,fdi,79.5,quantitative,complete
gambia,2020,international,refugee_flows,59.5,quantitative,complete
gambia,2020,international,_dimension_score,81.8,aggregated,derived
gambia,2020,transparency,budget_transparency,10,qualitative,complete
gambia,2020,transparency,press_freedom,62.0,quantitative,complete
gambia,2020,transparency,statistical_transparency,69.5,quantitative,complete
gambia,2020,transparency,legal_transparency,95.0,quantitative,complete
gambia,2020,transparency,extractive_transparency,20,qualitative,complete
gambia,2020,transparency,control_of_corruption,,,missing
gambia,2020,transparency,_dimension_score,51.3,aggregated,derived
gambia,2020,population_mobility,net_migration,,,missing
gambia,2020,population_mobility,remittances,,,missing
gambia,2020,population_mobility,_dimension_score,,aggregated,derived
gambia,2020,social,life_expectancy,,,missing
gambia,2020,social,infant_mortality,,,missing
gambia,2020,social,internet_users,,,missing
gambia,2020,social,health_expenditure,,,missing
gambia,2020,social,education_expenditure,,,missing
gambia,2020,social,hdi,,,missing
gambia,2020,social,_dimension_score,,aggregated,derived
gambia,2020,_composite,_composite_score,63.6,aggregated,derived
gambia,2021,political,territorial_control,95,qualitative,complete
gambia,2021,political,political_violence,95,qualitative,complete
gambia,2021,political,institutional_functioning,55,qualitative,complete
gambia,2021,political,civil_liberties,4.5,quantitative,complete
gambia,2021,political,elite_cohesion,60,qualitative,complete
gambia,2021,political,military_expenditure,,,missing
gambia,2021,political,political_stability,,,missing
gambia,2021,political,government_effectiveness,,,missing
gambia,2021,political,_dimension_score,61.9,aggregated,derived
gambia,2021,economic,gdp_per_capita,79.5,quantitative,complete
gambia,2021,economic,inflation,79.5,quantitative,complete
gambia,2021,economic,unemployment,60,qualitative,complete
gambia,2021,economic,trade_openness,59.5,quantitative,complete
gambia,2021,economic,fiscal_health,59.5,quantitative,complete
gambia,2021,economic,natural_resource_rents,,,missing
gambia,2021,economic,youth_unemployment,,,missing
gambia,2021,economic,gini,,,missing
gambia,2021,economic,neet_rate,,,missing
gambia,2021,economic,gini_adjusted_gdp_per_capita,,,missing
gambia,2021,economic,poverty_rate,,,missing
gambia,2021,economic,gini_adjusted_gdp_per_capita_ppp,,,missing
gambia,2021,economic,export_diversification,,,missing
gambia,2021,economic,non_resource_export_share,,,missing
gambia,2021,economic,_dimension_score,67.6,aggregated,derived
gambia,2021,international,sanctions,95,qualitative,complete
gambia,2021,international,diplomatic_integration,95,qualitative,complete
gambia,2021,international,foreign_military,95,qualitative,complete
gambia,2021,international,fdi,79.5,quantitative,complete
gambia,2021,international,refugee_flows,79.5,quantitative,complete
gambia,2021,international,_dimension_score,88.8,aggregated,derived
gambia,2021,transparency,budget_transparency,10.0,quantitative,complete
gambia,2021,transparency,press_freedom,62.0,quantitative,complete
gambia,2021,transparency,statistical_transparency,50,qualitative,complete
gambia,2021,transparency,legal_transparency,95.0,quantitative,complete
gambia,2021,transparency,extractive_transparency,20,qualitative,complete
gambia,2021,transparency,control_of_corruption,,,missing
gambia,2021,transparency,_dimension_score,47.4,aggregated,derived
gambia,2021,population_mobility,net_migration,,,missing
gambia,2021,population_mobility,remittances,,,missing
gambia,2021,population_mobility,_dimension_score,,aggregated,derived
gambia,2021,social,life_expectancy,,,missing
gambia,2021,social,infant_mortality,,,missing
gambia,2021,social,internet_users,,,missing
gambia,2021,social,health_expenditure,,,missing
gambia,2021,social,education_expenditure,,,missing
gambia,2021,social,hdi,,,missing
gambia,2021,social,_dimension_score,,aggregated,derived
gambia,2021,_composite,_composite_score,66.4,aggregated,derived
gambia,2022,political,territorial_control,95,qualitative,complete
gambia,2022,political,political_violence,95,qualitative,complete
gambia,2022,political,institutional_functioning,55,qualitative,complete
gambia,2022,political,civil_liberties,4.5,quantitative,complete
gambia,2022,political,elite_cohesion,60,qualitative,complete
gambia,2022,political,military_expenditure,,,missing
gambia,2022,political,political_stability,,,missing
gambia,2022,political,government_effectiveness,,,missing
gambia,2022,political,_dimension_score,61.9,aggregated,derived
gambia,2022,economic,gdp_per_capita,79.5,quantitative,complete
gambia,2022,economic,inflation,59.5,quantitative,complete
gambia,2022,economic,unemployment,60,qualitative,complete
gambia,2022,economic,trade_openness,59.5,quantitative,complete
gambia,2022,economic,fiscal_health,59.5,quantitative,complete
gambia,2022,economic,natural_resource_rents,,,missing
gambia,2022,economic,youth_unemployment,,,missing
gambia,2022,economic,gini,,,missing
gambia,2022,economic,neet_rate,,,missing
gambia,2022,economic,gini_adjusted_gdp_per_capita,,,missing
gambia,2022,economic,poverty_rate,,,missing
gambia,2022,economic,gini_adjusted_gdp_per_capita_ppp,,,missing
gambia,2022,economic,export_diversification,,,missing
gambia,2022,economic,non_resource_export_share,,,missing
gambia,2022,economic,_dimension_score,63.6,aggregated,derived
gambia,2022,international,sanctions,95,qualitative,complete
gambia,2022,international,diplomatic_integration,95,qualitative,complete
gambia,2022,international,foreign_military,95,qualitative,complete
gambia,2022,international,fdi,79.5,quantitative,complete
gambia,2022,international,refugee_flows,79.5,quantitative,complete
gambia,2022,international,_dimension_score,88.8,aggregated,derived
gambia,2022,transparency,budget_transparency,10,qualitative,complete
gambia,2022,transparency,press_freedom,62.0,quantitative,complete
gambia,2022,transparency,statistical_transparency,50,qualitative,complete
gambia,2022,transparency,legal_transparency,95.0,quantitative,complete
gambia,2022,transparency,extractive_transparency,20,qualitative,complete
gambia,2022,transparency,control_of_corruption,,,missing
gambia,2022,transparency,_dimension_score,47.4,aggregated,derived
gambia,2022,population_mobility,net_migration,,,missing
gambia,2022,population_mobility,remittances,,,missing
gambia,2022,population_mobility,_dimension_score,,aggregated,derived
gambia,2022,social,life_expectancy,,,missing
gambia,2022,social,infant_mortality,,,missing
gambia,2022,social,internet_users,,,missing
gambia,2022,social,health_expenditure,,,missing
gambia,2022,social,education_expenditure,,,missing
gambia,2022,social,hdi,,,missing
gambia,2022,social,_dimension_score,,aggregated,derived
gambia,2022,_composite,_composite_score,65.4,aggregated,derived
gambia,2023,political,territorial_control,95,qualitative,complete
gambia,2023,political,political_violence,95,qualitative,complete
gambia,2023,political,institutional_functioning,55,qualitative,complete
gambia,2023,political,civil_liberties,4.5,quantitative,complete
gambia,2023,political,elite_cohesion,60,qualitative,complete
gambia,2023,political,military_expenditure,,,missing
gambia,2023,political,political_stability,,,missing
gambia,2023,political,government_effectiveness,,,missing
gambia,2023,political,_dimension_score,61.9,aggregated,derived
gambia,2023,economic,gdp_per_capita,95.0,quantitative,complete
gambia,2023,economic,inflation,59.5,quantitative,complete
gambia,2023,economic,unemployment,60,qualitative,complete
gambia,2023,economic,trade_openness,59.5,quantitative,complete
gambia,2023,economic,fiscal_health,59.5,quantitative,complete
gambia,2023,economic,natural_resource_rents,,,missing
gambia,2023,economic,youth_unemployment,,,missing
gambia,2023,economic,gini,,,missing
gambia,2023,economic,neet_rate,,,missing
gambia,2023,economic,gini_adjusted_gdp_per_capita,,,missing
gambia,2023,economic,poverty_rate,,,missing
gambia,2023,economic,gini_adjusted_gdp_per_capita_ppp,,,missing
gambia,2023,economic,export_diversification,,,missing
gambia,2023,economic,non_resource_export_share,,,missing
gambia,2023,economic,_dimension_score,66.7,aggregated,derived
gambia,2023,international,sanctions,95,qualitative,complete
gambia,2023,international,diplomatic_integration,95,qualitative,complete
gambia,2023,international,foreign_military,95,qualitative,complete
gambia,2023,international,fdi,79.5,quantitative,complete
gambia,2023,international,refugee_flows,79.5,quantitative,complete
gambia,2023,international,_dimension_score,88.8,aggregated,derived
gambia,2023,transparency,budget_transparency,10,qualitative,complete
gambia,2023,transparency,press_freedom,62.0,quantitative,complete
gambia,2023,transparency,statistical_transparency,50,qualitative,complete
gambia,2023,transparency,legal_transparency,95.0,quantitative,complete
gambia,2023,transparency,extractive_transparency,20,qualitative,complete
gambia,2023,transparency,control_of_corruption,,,missing
gambia,2023,transparency,_dimension_score,47.4,aggregated,derived
gambia,2023,population_mobility,net_migration,,,missing
gambia,2023,population_mobility,remittances,,,missing
gambia,2023,population_mobility,_dimension_score,,aggregated,derived
gambia,2023,social,life_expectancy,,,missing
gambia,2023,social,infant_mortality,,,missing
gambia,2023,social,internet_users,,,missing
gambia,2023,social,health_expenditure,,,missing
gambia,2023,social,education_expenditure,,,missing
gambia,2023,social,hdi,,,missing
gambia,2023,social,_dimension_score,,aggregated,derived
gambia,2023,_composite,_composite_score,66.2,aggregated,derived
gambia,2024,political,territorial_control,95,qualitative,complete
gambia,2024,political,political_violence,95,qualitative,complete
gambia,2024,political,institutional_functioning,55,qualitative,complete
gambia,2024,political,civil_liberties,4.5,quantitative,complete
gambia,2024,political,elite_cohesion,60,qualitative,complete
gambia,2024,political,military_expenditure,,,missing
gambia,2024,political,political_stability,,,missing
gambia,2024,political,government_effectiveness,,,missing
gambia,2024,political,_dimension_score,61.9,aggregated,derived
gambia,2024,economic,gdp_per_capita,95.0,quantitative,partial
gambia,2024,economic,inflation,59.5,quantitative,complete
gambia,2024,economic,unemployment,60,qualitative,partial
gambia,2024,economic,trade_openness,60,qualitative,partial
gambia,2024,economic,fiscal_health,59.5,quantitative,complete
gambia,2024,economic,natural_resource_rents,,,missing
gambia,2024,economic,youth_unemployment,,,missing
gambia,2024,economic,gini,,,missing
gambia,2024,economic,neet_rate,,,missing
gambia,2024,economic,gini_adjusted_gdp_per_capita,,,missing
gambia,2024,economic,poverty_rate,,,missing
gambia,2024,economic,gini_adjusted_gdp_per_capita_ppp,,,missing
gambia,2024,economic,export_diversification,,,missing
gambia,2024,economic,non_resource_export_share,,,missing
gambia,2024,economic,_dimension_score,66.8,aggregated,derived
gambia,2024,international,sanctions,95,qualitative,complete
gambia,2024,international,diplomatic_integration,95,qualitative,complete
gambia,2024,international,foreign_military,95,qualitative,complete
gambia,2024,international,fdi,80,qualitative,partial
gambia,2024,international,refugee_flows,95,qualitative,partial
gambia,2024,international,_dimension_score,92.0,aggregated,derived
gambia,2024,transparency,budget_transparency,10,qualitative,complete
gambia,2024,transparency,press_freedom,47.0,quantitative,complete
gambia,2024,transparency,statistical_transparency,50,qualitative,partial
gambia,2024,transparency,legal_transparency,95.0,quantitative,complete
gambia,2024,transparency,extractive_transparency,20,qualitative,complete
gambia,2024,transparency,control_of_corruption,,,missing
gambia,2024,transparency,_dimension_score,44.4,aggregated,derived
gambia,2024,population_mobility,net_migration,,,missing
gambia,2024,population_mobility,remittances,,,missing
gambia,2024,population_mobility,_dimension_score,,aggregated,derived
gambia,2024,social,life_expectancy,,,missing
gambia,2024,social,infant_mortality,,,missing
gambia,2024,social,internet_users,,,missing
gambia,2024,social,health_expenditure,,,missing
gambia,2024,social,education_expenditure,,,missing
gambia,2024,social,hdi,,,missing
gambia,2024,social,_dimension_score,,aggregated,derived
gambia,2024,_composite,_composite_score,66.3,aggregated,derived
gambia,2025,political,territorial_control,95,qualitative,partial
gambia,2025,political,political_violence,95,qualitative,partial
gambia,2025,political,institutional_functioning,55,qualitative,partial
gambia,2025,political,civil_liberties,43,qualitative,partial
gambia,2025,political,elite_cohesion,60,qualitative,partial
gambia,2025,political,military_expenditure,,,missing
gambia,2025,political,political_stability,,,missing
gambia,2025,political,government_effectiveness,,,missing
gambia,2025,political,_dimension_score,69.6,aggregated,derived
gambia,2025,economic,gdp_per_capita,95,qualitative,partial
gambia,2025,economic,inflation,60,qualitative,partial
gambia,2025,economic,unemployment,60,qualitative,partial
gambia,2025,economic,trade_openness,60,qualitative,partial
gambia,2025,economic,fiscal_health,60,qualitative,partial
gambia,2025,economic,natural_resource_rents,,,missing
gambia,2025,economic,youth_unemployment,,,missing
gambia,2025,economic,gini,,,missing
gambia,2025,economic,neet_rate,,,missing
gambia,2025,economic,gini_adjusted_gdp_per_capita,,,missing
gambia,2025,economic,poverty_rate,,,missing
gambia,2025,economic,gini_adjusted_gdp_per_capita_ppp,,,missing
gambia,2025,economic,export_diversification,,,missing
gambia,2025,economic,non_resource_export_share,,,missing
gambia,2025,economic,_dimension_score,67.0,aggregated,derived
gambia,2025,international,sanctions,95,qualitative,partial
gambia,2025,international,diplomatic_integration,95,qualitative,partial
gambia,2025,international,foreign_military,95,qualitative,partial
gambia,2025,international,fdi,80,qualitative,partial
gambia,2025,international,refugee_flows,95,qualitative,partial
gambia,2025,international,_dimension_score,92.0,aggregated,derived
gambia,2025,transparency,budget_transparency,10,qualitative,partial
gambia,2025,transparency,press_freedom,45,qualitative,partial
gambia,2025,transparency,statistical_transparency,50,qualitative,partial
gambia,2025,transparency,legal_transparency,20,qualitative,partial
gambia,2025,transparency,extractive_transparency,20,qualitative,partial
gambia,2025,transparency,control_of_corruption,,,missing
gambia,2025,transparency,_dimension_score,29.0,aggregated,derived
gambia,2025,population_mobility,net_migration,,,missing
gambia,2025,population_mobility,remittances,,,missing
gambia,2025,population_mobility,_dimension_score,,aggregated,derived
gambia,2025,social,life_expectancy,,,missing
gambia,2025,social,infant_mortality,,,missing
gambia,2025,social,internet_users,,,missing
gambia,2025,social,health_expenditure,,,missing
gambia,2025,social,education_expenditure,,,missing
gambia,2025,social,hdi,,,missing
gambia,2025,social,_dimension_score,,aggregated,derived
gambia,2025,_composite,_composite_score,64.4,aggregated,derived
gambia,2026,political,territorial_control,,,missing
gambia,2026,political,political_violence,,,missing
gambia,2026,political,institutional_functioning,,,missing
gambia,2026,political,civil_liberties,,,missing
gambia,2026,political,elite_cohesion,,,missing
gambia,2026,political,military_expenditure,,,missing
gambia,2026,political,political_stability,,,missing
gambia,2026,political,government_effectiveness,,,missing
gambia,2026,political,_dimension_score,,aggregated,derived
gambia,2026,economic,gdp_per_capita,,,missing
gambia,2026,economic,inflation,,,missing
gambia,2026,economic,unemployment,,,missing
gambia,2026,economic,trade_openness,,,missing
gambia,2026,economic,fiscal_health,,,missing
gambia,2026,economic,natural_resource_rents,,,missing
gambia,2026,economic,youth_unemployment,,,missing
gambia,2026,economic,gini,,,missing
gambia,2026,economic,neet_rate,,,missing
gambia,2026,economic,gini_adjusted_gdp_per_capita,,,missing
gambia,2026,economic,poverty_rate,,,missing
gambia,2026,economic,gini_adjusted_gdp_per_capita_ppp,,,missing
gambia,2026,economic,export_diversification,,,missing
gambia,2026,economic,non_resource_export_share,,,missing
gambia,2026,economic,_dimension_score,,aggregated,derived
gambia,2026,international,sanctions,,,missing
gambia,2026,international,diplomatic_integration,,,missing
gambia,2026,international,foreign_military,,,missing
gambia,2026,international,fdi,,,missing
gambia,2026,international,refugee_flows,,,missing
gambia,2026,international,_dimension_score,,aggregated,derived
gambia,2026,transparency,budget_transparency,,,missing
gambia,2026,transparency,press_freedom,,,missing
gambia,2026,transparency,statistical_transparency,,,missing
gambia,2026,transparency,legal_transparency,,,missing
gambia,2026,transparency,extractive_transparency,,,missing
gambia,2026,transparency,control_of_corruption,,,missing
gambia,2026,transparency,_dimension_score,,aggregated,derived
gambia,2026,population_mobility,net_migration,,,missing
gambia,2026,population_mobility,remittances,,,missing
gambia,2026,population_mobility,_dimension_score,,aggregated,derived
gambia,2026,social,life_expectancy,,,missing
gambia,2026,social,infant_mortality,,,missing
gambia,2026,social,internet_users,,,missing
gambia,2026,social,health_expenditure,,,missing
gambia,2026,social,education_expenditure,,,missing
gambia,2026,social,hdi,,,missing
gambia,2026,social,_dimension_score,,aggregated,derived
gambia,2026,_composite,_composite_score,,aggregated,derived
